,0,1,2,3,4,5,6,7,8,9,10,11,12,13,14,15,16,17,18,19,20,21,22,23,24,25,26,27,28,29,30,31,32,33,34,35,36,37,38,39,40,41,42,43,44,45,46,47,48,49,50,51,52,53,54,55,56,57,58,59,60,61,62,63
0,-7.744915819785092e-13,-0.530989789863022,-0.8370526878850348,-1.0633915321659222,-1.2422770873562112,-1.3835863361738232,-1.4960826780331824,-1.5978360051929847,-1.6993354767936206,-1.7893157315334198,-1.863807899953442,-1.932814674077739,-1.9978724528170302,-2.0550123833459204,-2.1051256346549296,-2.150793515444894,-2.190766034014271,-2.2256895173915154,-2.2584164059290566,-2.292063831598359,-2.3260055549312346,-2.3573287687151923,-2.383149073728496,-2.4051193015037637,-2.428555094608503,-2.4548026254344792,-2.481818454356769,-2.5079452909989786,-2.5322094109063493,-2.554876309986922,-2.5759107605234606,-2.596033337069843,-2.6164405548148233,-2.636457285925364,-2.6544268010326877,-2.6702834121585397,-2.684728698412922,-2.6981266558906927,-2.7103562247606856,-2.7220045893140385,-2.733612305815238,-2.7455106163317287,-2.7576284903326536,-2.7694959613092065,-2.7811787278678426,-2.7926957272416804,-2.8035162959945787,-2.8132595020782705,-2.822097164594472,-2.8301756075535813,-2.8373091900804193,-2.8437726577595734,-2.8496502818155913,-2.854784639003031,-2.859226809741814,-2.863222117507432,-2.866908532489333,-2.8704122645967503,-2.873725091659008,-2.8769489086907063,-2.879737005910839,-2.8817451459195387,-2.883026747634532,-2.8836503143800165
1,-0.5414770508216298,-0.7372110448576779,-0.9393194513809275,-1.1237769322771163,-1.279909246096345,-1.4089237205993501,-1.517591054737343,-1.6161621966641357,-1.7118439384616755,-1.7994305747425972,-1.8746817973080243,-1.9418693019625688,-2.002854415656202,-2.057699622311442,-2.1073275322230898,-2.153339279169774,-2.194061790470625,-2.229203715702468,-2.261512028389023,-2.2943333330728066,-2.327544295030217,-2.358555673113206,-2.3841253158565148,-2.405947609021718,-2.429303772832719,-2.4555607797202037,-2.4825121495926052,-2.5083829423324357,-2.532494589831791,-2.555014596921345,-2.5763029229617476,-2.5970360981282914,-2.6178937479827553,-2.6379743644553617,-2.6556150960856586,-2.6708411067560256,-2.684642379454079,-2.6977425781660545,-2.7101233783060366,-2.7220748976221913,-2.734058218993926,-2.7462231313860443,-2.7583704524341486,-2.770084432484461,-2.7814878114445265,-2.7928289121840675,-2.803633104354837,-2.813550952317084,-2.8225825768232005,-2.8306748038162954,-2.8379005797384593,-2.84439194452434,-2.850194636044659,-2.8553311739077856,-2.8598104345153925,-2.8638089386931576,-2.8674404039613055,-2.870875069529182,-2.8742368806754572,-2.8775388116836362,-2.8803379926414134,-2.8823183745975016,-2.8835549680763637,-2.8841442608306034
2,-0.8371458715846765,-0.9369446209253258,-1.0741380044763158,-1.2165708163238516,-1.3446729251333691,-1.455882241048176,-1.555820673971573,-1.6478207898769188,-1.7366298518367813,-1.8202657766905284,-1.8936485726942895,-1.956297979333189,-2.0114712633313903,-2.063165614473893,-2.1122609108774038,-2.158314098825688,-2.199198875379593,-2.234626814743412,-2.266661064949017,-2.298458958949445,-2.3305164454422265,-2.360777262580764,-2.385921681434253,-2.4076374698307035,-2.4307715256294236,-2.4567797113526137,-2.483758596521017,-2.5094816426118522,-2.5334124771937723,-2.5556577772992632,-2.5771165240085083,-2.59858008136458,-2.62009598017247,-2.640367648362307,-2.657452496765148,-2.6718159832683113,-2.6850440066700925,-2.69787981815038,-2.7102922128983655,-2.722540603078045,-2.734951668517979,-2.747451389595022,-2.759647785045038,-2.7712340124092085,-2.7824046094113615,-2.7934294179146746,-2.80409512710895,-2.8140946549924113,-2.8232909302034983,-2.8315434146103793,-2.8388995405716946,-2.845382311186508,-2.8511521219593954,-2.85636721628654,-2.860945002327181,-2.8649787101705115,-2.8685757844401834,-2.871951148026024,-2.8753771978356917,-2.8787356559424055,-2.881487155917992,-2.8833710137655593,-2.8845267762396687,-2.8850839746241377
3,-1.0698204233372595,-1.1280904012557258,-1.222239543052575,-1.3276216493991106,-1.4282764944209174,-1.5200629686653166,-1.6064932129878557,-1.689204238721615,-1.7712468992468193,-1.8482928592157624,-1.9156087282027703,-1.9724246787312207,-2.022973291787566,-2.071631682660529,-2.119504147451308,-2.1649189894940783,-2.2056503529287825,-2.2415259509916123,-2.2736205470075985,-2.3043742860104173,-2.3347664794548546,-2.3637121173643263,-2.388345875495349,-2.4103661310846887,-2.4334309421984197,-2.458862060568994,-2.485741206337254,-2.511553698720948,-2.535452478705932,-2.5573320737131118,-2.578642600459909,-2.600669683913289,-2.6229707219223326,-2.6432915492846574,-2.6596394071736085,-2.6731771893609175,-2.68600876290143,-2.698775746300898,-2.7112918168592293,-2.7237533951372295,-2.7363839995049406,-2.7491020798790005,-2.7614036784854843,-2.7730445001186523,-2.784166206520965,-2.7949846538407357,-2.805406069291439,-2.815256744752982,-2.8244387673072744,-2.8327563829056843,-2.8401251984428004,-2.84665167972033,-2.8525695434575344,-2.85792371774498,-2.862643751674216,-2.866783810758011,-2.870432578207861,-2.8738316384267826,-2.8772853183330573,-2.880571194610103,-2.8831808122474714,-2.884929547144414,-2.886014615474057,-2.8865647045860916
4,-1.273630325795751,-1.3086102969518012,-1.3699349500608666,-1.4429203063669953,-1.5172114499884386,-1.588959860976634,-1.660164005223851,-1.7336042286763926,-1.8082501018128285,-1.8778368236269256,-1.9382682238526292,-1.989843725363317,-2.0372695077398117,-2.0833978513612723,-2.1297478694434853,-2.1741417632840534,-2.214397931582281,-2.2497697158594754,-2.281380828773958,-2.3115646913446515,-2.3409509712611425,-2.368539541374688,-2.392396864466723,-2.414598749493303,-2.4376956216884635,-2.462641915455371,-2.4889533201150407,-2.514511279544285,-2.5384484688960702,-2.5601056215698006,-2.581210172086031,-2.603623515677631,-2.626280718289506,-2.646182351588269,-2.6618924139075917,-2.6750166538746827,-2.687680649482566,-2.7005244573443834,-2.713362673964354,-2.726012424079717,-2.7385794111369735,-2.751225758717139,-2.7636150344329082,-2.775506033933452,-2.7868871047023465,-2.7976826497872525,-2.8077752684482102,-2.817349335651066,-2.8263087846623973,-2.834421049559644,-2.841702623315449,-2.8483823863104774,-2.8546316106135765,-2.860185346022778,-2.8650097610822876,-2.8692505144699325,-2.8730096368912785,-2.8764940647109785,-2.8799264586584004,-2.8830519917013766,-2.885494421853815,-2.8871267610932363,-2.8881651740212924,-2.888723421512586
5,-1.4407685244596555,-1.46262373811375,-1.501265250684181,-1.5482554921175429,-1.5994388288346455,-1.6544519007266758,-1.7143883990942497,-1.7790449122468117,-1.8448078579447826,-1.9070338172800136,-1.9618916448490813,-2.010030625471113,-2.0553638783087114,-2.099590852910566,-2.1438824671617454,-2.1860895271070246,-2.2250685307625506,-2.2598109244889644,-2.29108713640333,-2.3209158853753293,-2.3490975827185125,-2.3749693538346963,-2.3981311170940023,-2.420432845398153,-2.44351851105779,-2.4681352418075813,-2.493616566216915,-2.518666335299944,-2.5424045439787615,-2.5639860629000943,-2.5851506150287267,-2.6075605261041597,-2.629649401506865,-2.648654852499003,-2.6639987046455147,-2.6769874814939776,-2.6896172207922056,-2.7027636755199254,-2.716324772063003,-2.729395319137233,-2.7417678646027426,-2.754049958415221,-2.7664543005309787,-2.778673120133132,-2.790311574755001,-2.801084931962988,-2.810993494574644,-2.8203940456539764,-2.829060805700408,-2.836925127346197,-2.844190720417158,-2.8511267715917796,-2.8576519480447224,-2.8632513287512027,-2.868035568849601,-2.872306614637581,-2.8761726850671194,-2.879733305104733,-2.8831072081492675,-2.886033356359686,-2.888339271784506,-2.889963181256405,-2.891037788459518,-2.8916004585892767
6,-1.5664960392968328,-1.580929567241157,-1.605926883800442,-1.636567290211378,-1.6732017334150755,-1.7165812865914791,-1.7677951066158095,-1.8245528416777392,-1.8833543499559018,-1.9394040652829414,-1.9896530822273464,-2.035254723333248,-2.0789976407723847,-2.121457770307979,-2.1626775708727273,-2.201279687535888,-2.2375686328992446,-2.271256360007325,-2.302347663865062,-2.331582891042626,-2.3584722386588037,-2.3829731384634196,-2.4055482180821,-2.4278486735911224,-2.4510164422128966,-2.475278740693683,-2.4997532492531778,-2.5239891958745373,-2.54717909414976,-2.5688712003466674,-2.5901916218938865,-2.612040170633954,-2.632908989639627,-2.6508964637212773,-2.6660477436335355,-2.6792894210879648,-2.692272611134013,-2.705827833973911,-2.719913481839267,-2.733323539338945,-2.7455542571988976,-2.7574784718344882,-2.7699653915888742,-2.782512714957202,-2.794269556293213,-2.8049135891837613,-2.8146921363349033,-2.8239488363174146,-2.8323721100503483,-2.8401880481310053,-2.84760084403462,-2.854769571012143,-2.861373278390956,-2.866950873178651,-2.871710580878032,-2.876023661398558,-2.879950402381367,-2.883524688610473,-2.8867467242217923,-2.8894389963992673,-2.89162962847412,-2.893284444937168,-2.894471355532783,-2.895098493688621
7,-1.665894321686276,-1.6745528269677465,-1.690733858650927,-1.7129251292138168,-1.7421787568429017,-1.7783570547303529,-1.8226394724621473,-1.8727923383974212,-1.9257695243936608,-1.9764292404795434,-2.0232107091145175,-2.0663339764418156,-2.107735104817463,-2.1471854060186617,-2.1843492448870974,-2.2188297001014106,-2.2519964768794507,-2.2845035112995635,-2.314939362031403,-2.3428259166263405,-2.3679924566489454,-2.3912344458670347,-2.4133799652195624,-2.4360386894734036,-2.4596122249295296,-2.483543601528151,-2.5071475409849975,-2.53068280434268,-2.553193003831002,-2.5747488777068077,-2.5958198195335003,-2.616866607314155,-2.636599599509904,-2.653768278828907,-2.6687116235104162,-2.6822042711226244,-2.695552227758915,-2.7093921630197118,-2.723726662749936,-2.7374150621269253,-2.749724788070485,-2.761542646351713,-2.774144068823258,-2.7868566952351546,-2.7986017121104254,-2.80909100744495,-2.8186574778737254,-2.8277517662877907,-2.8361543161187814,-2.84408421026962,-2.8516334771497185,-2.8589240879851774,-2.8655217150120893,-2.871114899256883,-2.875916878985475,-2.880294377490371,-2.8842620457093258,-2.8877766845768242,-2.8907398184213515,-2.8931599012090348,-2.8952290073816274,-2.896905393443464,-2.8981787069233493,-2.8988480588898136
8,-1.7454361199275636,-1.7513260982965102,-1.7637652823537322,-1.783122661151582,-1.8091760441885336,-1.8413301105422097,-1.8804882646276235,-1.9245109491244579,-1.9713474518978358,-2.016853968490018,-2.0599993539122403,-2.0999840829043306,-2.137741715800858,-2.173035244150934,-2.2062834884389875,-2.2374250562959848,-2.2682042395322632,-2.2991551739011213,-2.3280479177845264,-2.354220803752214,-2.3778667496330526,-2.4002884871117485,-2.422405015272853,-2.445323528622437,-2.4688232557263565,-2.4923322039119564,-2.515547135060994,-2.538433634679665,-2.5600731330406314,-2.5810742463380287,-2.6014673427416524,-2.621707961219981,-2.640633122527567,-2.6573644825755762,-2.67219934749205,-2.6859792548642303,-2.6997228564756535,-2.713758607694912,-2.728043303113321,-2.7417188159979218,-2.754208174508554,-2.766216722452832,-2.7789715860944515,-2.7918425887843292,-2.8036352233290107,-2.8139057800966056,-2.8230918492990327,-2.831917851609227,-2.8403242834904887,-2.848289110955042,-2.8559007781903794,-2.8632664063508724,-2.8699662568943274,-2.8757558901050237,-2.8807121134096927,-2.8851532679826093,-2.8890863062782093,-2.8923932118146505,-2.8950625805227697,-2.8972929895676165,-2.8992941731824593,-2.9009076649293837,-2.9020301671116027,-2.9025570130373035
9,-1.8101120792600032,-1.8156566839676702,-1.8281612271673486,-1.8482591434028937,-1.8735397221027834,-1.9036494392495702,-1.9385885332497286,-1.977104061439492,-2.0174959040119753,-2.0575779097458597,-2.0960746692336967,-2.131784739914945,-2.1651459759937106,-2.196837862849722,-2.227545368330924,-2.2570439761737697,-2.286302735388207,-2.31500876767882,-2.34152958155263,-2.3657275270771803,-2.3881234484286176,-2.410195092665755,-2.43248836480266,-2.4552285922986434,-2.4782735820824544,-2.5013291360466057,-2.524202925937118,-2.546282637949018,-2.5674832883868524,-2.5883059551108913,-2.608078531532699,-2.6273038483861813,-2.645280866554967,-2.66154689945117,-2.676355123375855,-2.6904151998390016,-2.7045669949830473,-2.718899174232154,-2.7332641845285313,-2.7469489767776345,-2.7597072771821813,-2.7720394330987608,-2.7848842347821954,-2.7977214038156113,-2.809243064777394,-2.8190545368268194,-2.82789579870157,-2.8365150038412428,-2.8449567729657974,-2.8530276638925787,-2.8608037704307225,-2.8682752213879903,-2.87520417652928,-2.8811388022046747,-2.8860364047666316,-2.8903625861104816,-2.894182785931518,-2.897336307961153,-2.899913530114131,-2.902144159640874,-2.9041300587643986,-2.905559292437224,-2.9063504853587205,-2.906647892103338
10,-1.8714808793919322,-1.8778430877899637,-1.8910445593422418,-1.910923772398553,-1.9340808066545798,-1.9608644612262602,-1.9913194439245436,-2.025128754228197,-2.059617726750261,-2.0944900648211915,-2.128123371895357,-2.1601230832709386,-2.1904680314915486,-2.2199123624299713,-2.2483092017490858,-2.2763219911913986,-2.3039841979234708,-2.3301836101655122,-2.354293551179794,-2.3770975153310436,-2.3992193613899913,-2.421424870454128,-2.44356845045369,-2.4654751425001566,-2.487932694892427,-2.510552786758342,-2.5327099321947517,-2.5541111819817193,-2.575745365619107,-2.596804990465891,-2.6158276362354353,-2.6335059041875373,-2.6503494670611407,-2.6664260212096162,-2.6815155223440987,-2.695919554360644,-2.710438553589768,-2.72521908895469,-2.7398373930319297,-2.7535468163003913,-2.766441707621767,-2.778848243791155,-2.7913501549381903,-2.8036688367874487,-2.814690902664808,-2.824179871150454,-2.8330092981199297,-2.841709484395095,-2.8503336362746783,-2.8586126740877473,-2.866522569261692,-2.873957060869107,-2.880769717272229,-2.8864705915793056,-2.8912905769266213,-2.8956844390278342,-2.899610525203104,-2.9028101629714036,-2.905490349932312,-2.9078405753367154,-2.909765938307005,-2.9110034030666805,-2.911593903506976,-2.9118086842436415
11,-1.9321749369122845,-1.9393510917464383,-1.9518132033599862,-1.9686760415571385,-1.9879352669812769,-2.0108521594261037,-2.037376082482342,-2.066872201284822,-2.096551312336701,-2.1269609422218645,-2.156619060960793,-2.1862214437114615,-2.214844941616175,-2.2423940368393303,-2.2686012877416135,-2.2950107590245774,-2.3208701241038194,-2.344863336513194,-2.3672383636212078,-2.3891131996615442,-2.41116120635307,-2.4332405710602787,-2.454784527535482,-2.4761547611000703,-2.4985247544762736,-2.5205870017076286,-2.5417234308184713,-2.5628472128952353,-2.5850014017308114,-2.605847042497977,-2.623856900878105,-2.640223155687683,-2.6563546422206894,-2.672456346608125,-2.687742609654633,-2.7023966433793305,-2.7173185568696767,-2.732654613096123,-2.747573844072139,-2.7612915760654726,-2.774162781669653,-2.7863244953305917,-2.7980964315790104,-2.8095162865748793,-2.8199826269879855,-2.8294924770228747,-2.838670429142296,-2.8477431880425006,-2.8567307511255717,-2.8652387972572684,-2.8730726722357383,-2.880130090974781,-2.8863397190552793,-2.891670479163248,-2.896677092645992,-2.9014865977205537,-2.905683420601255,-2.9089307192696348,-2.911564709270767,-2.913883204038942,-2.9157659465429786,-2.917062603843982,-2.9177617752664373,-2.9180663108159597
12,-1.9887258296709214,-1.9954125862742829,-2.0062860753404137,-2.0201473914146026,-2.036315309151054,-2.0559864118699123,-2.0785650497018637,-2.1038246751797502,-2.1298251996820827,-2.157071095687657,-2.1841044243018137,-2.2116293100371704,-2.238154143358173,-2.26348769497053,-2.2880758001651733,-2.3129405101556593,-2.337039056847282,-2.3595140439086677,-2.3807440318233457,-2.4018726792956726,-2.42365673273212,-2.4454371017591288,-2.466400912509563,-2.487634020901249,-2.50957461226334,-2.5309064665300802,-2.5515479375983157,-2.572659231392193,-2.594410949339294,-2.61429458829414,-2.6314495738799963,-2.6474118919537477,-2.6634611914579356,-2.6796655197807433,-2.6951731475768876,-2.7103287563134204,-2.7257245445687834,-2.7411347387746163,-2.755900366267134,-2.7693760895514568,-2.781953692437622,-2.79362705258068,-2.804554810367535,-2.81518402946982,-2.825310469208406,-2.8351048446416596,-2.8448935937390583,-2.8546072514493437,-2.863958866131811,-2.872465456877605,-2.8799510071081555,-2.8864261121550965,-2.8920106357458715,-2.8972040288437575,-2.902502456945514,-2.9076894599064294,-2.9120556582113992,-2.9153391490841054,-2.9179485324660113,-2.9201992056209476,-2.922132683294564,-2.9236751899067173,-2.92466252219325,-2.925112444610519
13,-2.0384864190821492,-2.044402603389206,-2.053989551663787,-2.065703098521029,-2.0796000225364213,-2.096579642121946,-2.116229130281368,-2.138374584997514,-2.161911130664866,-2.1866174773342917,-2.2112620327087735,-2.235926308753894,-2.2600338904822372,-2.2836019872085065,-2.3072533408430047,-2.330815716245021,-2.35365352853299,-2.375401887286813,-2.395930762095075,-2.4160217693287276,-2.436710740136716,-2.4578149244296483,-2.4785161228178128,-2.4995933885140875,-2.5208489989179728,-2.5417531243234226,-2.5624298807315493,-2.5831678044353374,-2.603429523800434,-2.621873046377502,-2.63856084677821,-2.6549183716234914,-2.67134762200954,-2.6876911257743927,-2.7033820806097317,-2.718992566595726,-2.734678049991726,-2.749761647993359,-2.764037270400693,-2.7771193543454378,-2.78919469216016,-2.8003261510070514,-2.810732796473678,-2.820913079166251,-2.830968453432832,-2.8411989409497744,-2.851715396376883,-2.8618748273491326,-2.8712624054363243,-2.879527651980369,-2.886573151332218,-2.892616477017144,-2.897983699045965,-2.903362642116988,-2.9089036286172294,-2.914236993356482,-2.9187146671512174,-2.9222404490721434,-2.9250110148254884,-2.9273042373084213,-2.9293482828595963,-2.9311896802967548,-2.9324991668908367,-2.9331023682295925
14,-2.0829847088187035,-2.087763623503448,-2.0959709266544797,-2.106387902171181,-2.119172670435876,-2.134801177910382,-2.152588678202555,-2.172105792032897,-2.1931292855125015,-2.2150679768820756,-2.2372198686471725,-2.259517912168467,-2.282220466157048,-2.304617342363722,-2.3269613840817596,-2.3489155388905325,-2.3704505089391037,-2.3913823075186906,-2.411244583200872,-2.430450640342316,-2.4502173038916264,-2.470866888059862,-2.491388849330343,-2.512100718755934,-2.5327719368585164,-2.5531894103403836,-2.573404972097248,-2.5933049119838945,-2.6123183086674637,-2.6297726482519552,-2.646345126876784,-2.6630971693658503,-2.6797508596115316,-2.6962702228138187,-2.7123038450687282,-2.7282298110433283,-2.7437680243752833,-2.7581660362042464,-2.771745747790674,-2.7845167338885912,-2.7963891966319,-2.8072648637410733,-2.8173491947453217,-2.8272555949858984,-2.8374905386096825,-2.848306532127527,-2.8593617073359803,-2.869468716203011,-2.878493065909929,-2.8862706030707446,-2.8929346339303574,-2.8988732220463573,-2.9044917169882316,-2.910305187831302,-2.916073049408618,-2.92142487147882,-2.92599274382021,-2.9297720691655975,-2.93279964075605,-2.9353997404822882,-2.937721086993731,-2.939760437990943,-2.941220954777451,-2.9419485124934224
15,-2.123721770923086,-2.127437758751055,-2.1339667725287947,-2.143085499703001,-2.1553881766962535,-2.170174274813158,-2.1863647205684873,-2.2034273604287744,-2.222296772639104,-2.2422774602851643,-2.2629096715540697,-2.28384043625768,-2.305558138591246,-2.326631680483153,-2.3472355495164026,-2.3674589471903613,-2.3874359330714547,-2.407207205768524,-2.426453409811374,-2.445138981203131,-2.464372328026143,-2.484757051211673,-2.505109944205025,-2.5255796670629995,-2.545794988971109,-2.5654931522043634,-2.584838922127812,-2.60396555450658,-2.622388692293449,-2.6392390010728968,-2.6557343784243677,-2.672586050717921,-2.6891435843341114,-2.7056723696969422,-2.7219160870208925,-2.737791750201877,-2.7527022590359977,-2.766270925295991,-2.7793741169798047,-2.7921142833032624,-2.8040746224974153,-2.8148461983692457,-2.8248394417223914,-2.834967516516796,-2.8458420689591346,-2.8571325039674753,-2.868020197350054,-2.87753799570723,-2.8859337088754273,-2.8932313211906444,-2.8997882500231733,-2.9060101359265107,-2.9121465537383124,-2.918424796394405,-2.9243606058950604,-2.9297144347357755,-2.9342585958528877,-2.938002916793425,-2.941082643335031,-2.9439918329727837,-2.9466849469323635,-2.9488983499238577,-2.950485501743156,-2.9513376043937063
16,-2.1615151504345995,-2.164229998110772,-2.1692972231492123,-2.177181389543714,-2.1888422083791554,-2.202639564974999,-2.217393300400146,-2.232770730078918,-2.250328178558844,-2.2693132270087255,-2.289374460863783,-2.3094204840154613,-2.329800519048676,-2.3494157782469904,-2.3685143753965034,-2.387119447012297,-2.4053446412894335,-2.423862479285951,-2.4424241433133935,-2.460877227209885,-2.480030733104146,-2.5001284530808063,-2.520036267047698,-2.540001946416227,-2.5596349161566283,-2.5786784784814905,-2.5973889354226247,-2.61610161270156,-2.634260081273879,-2.650838803179757,-2.6672883378558336,-2.683953558914819,-2.700215969212906,-2.7163530622949734,-2.732356159802859,-2.747725438633973,-2.7617503993044554,-2.7746788086909775,-2.787806446209532,-2.8008687196582573,-2.813107818414016,-2.823972942462607,-2.8341776156285787,-2.844772431632781,-2.855955667512168,-2.8670760685354404,-2.8773597591041784,-2.8863117212836706,-2.894172779260878,-2.901212085349748,-2.9079076939813193,-2.9145896768175197,-2.9212099785541605,-2.9277186454473063,-2.9336161136615218,-2.938878611805929,-2.9432455405365685,-2.94676292806735,-2.9498195883842038,-2.952952930818934,-2.9559006487563395,-2.958252424730659,-2.9598957583304353,-2.9607607397969065
17,-2.1974956115666577,-2.1997257443514044,-2.2044658082962427,-2.2118145667367526,-2.2223314799705935,-2.23434468117862,-2.247391442482059,-2.261660411727665,-2.2785594267308094,-2.297240081460424,-2.317121923634239,-2.336230709938659,-2.354935193572964,-2.373156099332683,-2.3909762390718523,-2.408052828353367,-2.4249674433787454,-2.4427435815647494,-2.4606475241361085,-2.478552865497477,-2.497221384119978,-2.5163925847144033,-2.5356310686614654,-2.55494709491933,-2.5739842938878237,-2.592780264794439,-2.6115654229903806,-2.6303909709080133,-2.6484564338378305,-2.6647375675279243,-2.6806093184435618,-2.6965908679046966,-2.7124051558427973,-2.727963530476921,-2.7434362270561703,-2.7581341249454225,-2.7716100664690906,-2.7845243413321756,-2.7980946873030996,-2.8114534311884967,-2.823675179836634,-2.8345440671661204,-2.8448013507118195,-2.8553858504556384,-2.866226386597044,-2.8768841805065737,-2.886680023629449,-2.8953296822960763,-2.9030502979395516,-2.9102524253908033,-2.91726705184236,-2.924227210222745,-2.930933665416209,-2.937312686998056,-2.943044936240345,-2.9482229610934994,-2.9524581778581984,-2.955885498793782,-2.9590353176721074,-2.9624192579973254,-2.9655055588510524,-2.9678045988922617,-2.969184783193389,-2.9698283440996764
18,-2.236127903043599,-2.237786147433449,-2.241791761181884,-2.2483005737123225,-2.257083188973806,-2.2668365556709236,-2.2783116480449044,-2.2921088613346043,-2.308864615067419,-2.327342222631259,-2.346223331290561,-2.3633069109240514,-2.379726869389256,-2.396340466181936,-2.4131154267446733,-2.4293791079376583,-2.44600912537476,-2.463352647295144,-2.480351984324531,-2.497299859314523,-2.515281281249142,-2.533550558515153,-2.552208350226238,-2.570935566663657,-2.589592462342114,-2.6081760490777026,-2.6271514471799793,-2.6462245015516457,-2.664058086105774,-2.6797457457843494,-2.694609133293159,-2.7095082230496486,-2.7244860940762234,-2.739457355824913,-2.7545755384937873,-2.769145915926547,-2.7827723063010454,-2.796164188586889,-2.8099647182227896,-2.8231484141289855,-2.8349546955107736,-2.8455200317429985,-2.8555460820796,-2.865844823061577,-2.8763345458600402,-2.886563167419769,-2.895857559667648,-2.904324788600223,-2.9122058257345342,-2.919740395119946,-2.926976918793266,-2.9339238761205015,-2.940574100246459,-2.9468401685128645,-2.952513526432683,-2.9576952339770632,-2.9619127427279257,-2.9654761573233603,-2.9688685933061185,-2.9725527935999323,-2.97585862281825,-2.9781078506685184,-2.9791331624179556,-2.9794919942683027
19,-2.2772837842149203,-2.277672512229505,-2.2800175101865037,-2.284915312382391,-2.2916618606989507,-2.2997090681602805,-2.3103186374929745,-2.3241754864874693,-2.3409515222180155,-2.3583764354205736,-2.374833444108958,-2.3891714046279895,-2.403217114321121,-2.4184216012262754,-2.4344409556705267,-2.450236872451493,-2.466622719884145,-2.4832737392208624,-2.499566672334799,-2.5160317222505166,-2.5335517336860054,-2.551263014473593,-2.5696705072862076,-2.5881554500362767,-2.6064986521598574,-2.624927634470029,-2.6440752789045314,-2.662814012539168,-2.6795479910860562,-2.6940857938995997,-2.707831269304207,-2.721949439288973,-2.736394724357584,-2.7512476423829875,-2.766328464200908,-2.781031446845246,-2.7948886427441786,-2.808451279141118,-2.821798605423224,-2.8343490718874795,-2.8455132051848717,-2.855564757783407,-2.8655034401859307,-2.875998486971351,-2.886707926176095,-2.8965993692730176,-2.905349224948316,-2.913602297922518,-2.9215574371510717,-2.929252029334549,-2.936639056225172,-2.943642742690688,-2.9503637968247705,-2.9567096876294454,-2.962437845766159,-2.967579246996218,-2.9718797743530243,-2.9757595594662813,-2.979673129555391,-2.9836511650793156,-2.9869759268497726,-2.988985995602778,-2.989856357640297,-2.9901301159831863
20,-2.3176553455576125,-2.3168434386993866,-2.31697900413852,-2.3196536394533114,-2.3246354562387292,-2.3318585783446086,-2.342233737719106,-2.3563426531362,-2.372501850006358,-2.3877829681382123,-2.401282581958484,-2.4137277404347826,-2.4266742657612426,-2.4409273135625025,-2.455639281837095,-2.4702731930748882,-2.4855733495198824,-2.501408843805527,-2.517446335072564,-2.5338554307515526,-2.550873207928117,-2.5682238116269667,-2.586492442853782,-2.6049992791812766,-2.6236591623963594,-2.642484308427767,-2.661363819466133,-2.6787873386363996,-2.693938808725141,-2.707440930082897,-2.7205807325081395,-2.7344360489805872,-2.748785985320003,-2.7636065718212057,-2.778508908976348,-2.793137173548683,-2.806956162587878,-2.820131167413477,-2.8326289523588066,-2.8444202163629404,-2.855149426584817,-2.8650413867227775,-2.8754775956222196,-2.886701023882297,-2.897682475714887,-2.907276895719238,-2.9157828871445486,-2.9240468011040015,-2.9319792509843703,-2.939547553491337,-2.9467561905062025,-2.95382152089232,-2.9608067305549373,-2.967479972148192,-2.973291807045984,-2.9782832971164686,-2.982614150368257,-2.9867727294319093,-2.9910657849003304,-2.9950504173277404,-2.998110774389646,-2.9998865798683956,-3.00081636774656,-3.0011651169909292
21,-2.353155841859876,-2.352326051613845,-2.351894147259728,-2.3531856311738477,-2.3570077129473845,-2.3635055731285592,-2.3732916406865563,-2.386644110664746,-2.4011651788790074,-2.4145997976701623,-2.4266454195844775,-2.4387034779469974,-2.4512906325199575,-2.464449576352192,-2.4772227560260998,-2.4902007605076144,-2.5039603776916475,-2.5188302406169334,-2.534240852512934,-2.550337721494921,-2.566784822654114,-2.583990026737537,-2.602292480906673,-2.6208486121396195,-2.6396776193492197,-2.6585591178203587,-2.676615549967878,-2.6927005802060244,-2.7068496180902994,-2.719944147975269,-2.732968398150581,-2.7468340377495104,-2.7613219303825316,-2.77612240708705,-2.790832309921685,-2.805073476313089,-2.8184621431949677,-2.830999711294862,-2.8430370126449964,-2.8544780481953165,-2.865010028054499,-2.8752518562806064,-2.8865663265417405,-2.898506905549614,-2.909569543209656,-2.9190815800418086,-2.9276968913193433,-2.9359586852476056,-2.943555049035301,-2.950665613365241,-2.9577080558236024,-2.9651794986077697,-2.9727656128293396,-2.979719870120515,-2.985401161433504,-2.990098442023051,-2.994267351783683,-2.998241678761318,-3.0022024569590586,-3.005861984052249,-3.0088108997789824,-3.0107922413494723,-3.0117790313603665,-3.0121627781117946
22,-2.3850191903502678,-2.384742886390497,-2.3854465723857063,-2.3873575850929307,-2.390982018671275,-2.3964432097019355,-2.404368471462151,-2.4152567410203396,-2.4274366547319057,-2.43961640521636,-2.4510853009899374,-2.462838831366466,-2.4748126514485387,-2.4869733625165185,-2.4984724196642154,-2.5101774170194973,-2.522664206120505,-2.5366887076855145,-2.5514314440876875,-2.566962285135941,-2.5826164498285,-2.5991356055576245,-2.6169746870219392,-2.635346947881103,-2.6541768111417032,-2.672920357180645,-2.6900959416224124,-2.705125952332979,-2.7186010750376255,-2.731510232264333,-2.744680296799275,-2.7586791115154528,-2.7734773819658898,-2.7883542897483773,-2.8028986653774117,-2.816653162777861,-2.8295548092089198,-2.8416746949738796,-2.8536360528499904,-2.865184426632188,-2.876154295802283,-2.8873750825234983,-2.899614601698162,-2.9117300063833476,-2.9224983944353977,-2.931808994079096,-2.9405375426767937,-2.948644547190908,-2.955925961055113,-2.9627577229865945,-2.9699647574141776,-2.977888254988555,-2.9858428329413673,-2.992641603007395,-2.998049068287677,-3.0025209225529252,-3.0064709937142844,-3.009966089657034,-3.013173945481518,-3.01646695240494,-3.019454900210845,-3.0217614673686803,-3.0227858004307153,-3.023208859937478
23,-2.4173201098626342,-2.4172904113309546,-2.418475582343843,-2.421001402609187,-2.4246027394921152,-2.4290667548965783,-2.434817536309564,-2.442674701216726,-2.4523510242374624,-2.4630147264785225,-2.4736321806443984,-2.4845653392002887,-2.495939948716858,-2.5075631060126238,-2.51864457474283,-2.52987228912274,-2.5420149507793943,-2.555622861716593,-2.5698391496181894,-2.584498662886577,-2.5991873787021014,-2.614836379778205,-2.632021523026696,-2.6501522586717132,-2.668699459709943,-2.686603238889536,-2.7026180498979624,-2.716866959618559,-2.7300333436556623,-2.7429294815865175,-2.756204205503561,-2.770326745553574,-2.7854543977371917,-2.800446058662995,-2.814838737450764,-2.8282402278733465,-2.840806840656183,-2.852981723331639,-2.865288230024325,-2.877342241122737,-2.8891310849783904,-2.9013140306128897,-2.9139560431386182,-2.925665647554234,-2.9358717465752995,-2.944831312673695,-2.95364106145547,-2.961704613033961,-2.969010235420562,-2.975996824920644,-2.9836636303524626,-2.9916931644982414,-2.999321787563584,-3.005470378929929,-3.010506693624591,-3.0149044008218073,-3.0188604355885236,-3.022230428376206,-3.025138278958641,-3.02826195654481,-3.0311972374300025,-3.033562622671103,-3.0346290141510437,-3.035140366591736
24,-2.44629821853862,-2.4468599132585043,-2.4486844820579035,-2.451593986482624,-2.4549076447056044,-2.458429764381901,-2.4625625788686523,-2.468457593311101,-2.476377298097145,-2.485469973460704,-2.4951141322430943,-2.505316030492007,-2.516355571617816,-2.5275367256027983,-2.538458331489802,-2.5496132421391984,-2.561758805271851,-2.5751450733252494,-2.5890181139703596,-2.6029190730908485,-2.6169912204911276,-2.631891541419249,-2.64825311531203,-2.665765166405678,-2.683407445830456,-2.700097747577467,-2.715280203519604,-2.7292311652701984,-2.742421013301868,-2.7555389864784163,-2.7690005375997644,-2.7831736677083176,-2.7982120083514705,-2.812977712888346,-2.8269215607675684,-2.8399368259500855,-2.8522224852296945,-2.8647264195035516,-2.877727196115187,-2.8905543365029613,-2.90316097302947,-2.9158033668391408,-2.928281190475593,-2.9393022191899565,-2.9488626434533693,-2.9576118535554015,-2.966505141465827,-2.974756283636068,-2.982475484906278,-2.9900794986766686,-2.9980338633240606,-3.0056404379917883,-3.0123862959628456,-3.017787627839965,-3.0225533862048364,-3.0270206941248743,-3.03131913757674,-3.0351705784072127,-3.0386550025143606,-3.041968781279091,-3.044760146877655,-3.04687481599682,-3.0479626016317054,-3.048557046226903
25,-2.4700161724936374,-2.471280732351714,-2.4740060940532653,-2.4776142232105585,-2.4810848669379992,-2.4844056432060486,-2.487967902235016,-2.4930113891476475,-2.499720886590851,-2.5076741132339606,-2.516755474602119,-2.526765816866068,-2.537373905787475,-2.547687680687712,-2.557984548564117,-2.5687865583621674,-2.5808267321665315,-2.5939700636307146,-2.6075824508890357,-2.6210943662425783,-2.634932333908122,-2.649449514841601,-2.6654047015453406,-2.6821731434311866,-2.6986591006702056,-2.7141985626032707,-2.7288492895669445,-2.742783949052424,-2.75618487435156,-2.769618683800824,-2.783115304819147,-2.7969518155360946,-2.811318151169413,-2.8255573350783836,-2.8390780079108526,-2.8518422189249217,-2.8640189076502582,-2.8768743963635486,-2.8905359124591437,-2.9042285871165014,-2.9172715008259362,-2.9297824476257426,-2.9415790401445054,-2.9518519734549473,-2.9609643566167336,-2.96979252018169,-2.978865948771541,-2.9875300203802673,-2.995679733253845,-3.003638992636427,-3.0114371545414675,-3.0185528533122366,-3.024696793920172,-3.02980769107125,-3.0345881437194446,-3.0392587930416326,-3.0440329661504864,-3.0486054285101423,-3.0530680044736203,-3.056834316365845,-3.059662825609238,-3.0616105705055574,-3.062905778961933,-3.0637031267053034
26,-2.491030034393512,-2.4931469160730027,-2.4968948168225795,-2.50112516031321,-2.5048133910147596,-2.5086520761801308,-2.512569386643936,-2.5174562374516256,-2.523399721945588,-2.530641675173105,-2.53919274014602,-2.5487124902796143,-2.558133820532846,-2.5671839227466267,-2.5765912041097785,-2.586876937017513,-2.5987413944833837,-2.6118401591774183,-2.6254969757437534,-2.6389918867379576,-2.652809220147447,-2.6671490802391866,-2.6825888320865543,-2.698323463446289,-2.713837599632068,-2.728602611626757,-2.7430157280721144,-2.7571179648923083,-2.7708846457133802,-2.784502647001524,-2.797762397845929,-2.8108278728281597,-2.8241511943161344,-2.837738202037203,-2.851127130645571,-2.86399562515646,-2.876425972881322,-2.8896683183296616,-2.903681485804041,-2.9176203512844645,-2.930542435001677,-2.9426551668271217,-2.9537069472177127,-2.963463489187253,-2.9725456331813587,-2.9817461515101087,-2.9911322164409055,-3.0000945857095482,-3.0084626068942226,-3.0165134622525134,-3.024159235872573,-3.031045149027605,-3.0369781669740856,-3.042200660926736,-3.047248856269775,-3.0523296379026146,-3.057575290751034,-3.062731059053939,-3.0678088712805893,-3.07186974624459,-3.07489280353347,-3.0769310390959195,-3.0785273275532603,-3.079568417422786
27,-2.515087830061587,-2.5175794451203948,-2.5214510775343086,-2.525253010535629,-2.52834078601175,-2.532236658249522,-2.5365784434021927,-2.5415272449489734,-2.5471219516555466,-2.553826553364417,-2.561450360811022,-2.5697215724799713,-2.577677299305862,-2.585610525371226,-2.5944198140516446,-2.604799840105173,-2.6168108146864006,-2.6297807390219607,-2.642946631806722,-2.6560223221589316,-2.6694382142908664,-2.683422872960359,-2.6983661444572196,-2.7135037990487363,-2.7284395944708333,-2.7427398097740734,-2.757125808085747,-2.7716004221334054,-2.7857883845681024,-2.799399536778169,-2.812106477462403,-2.82412929192218,-2.8364243993764573,-2.849563397130737,-2.863259532640792,-2.8765463633479733,-2.8893892184882173,-2.902759187538905,-2.9167227187749467,-2.9302729595417754,-2.942681833682653,-2.954218817798087,-2.964908610151747,-2.9748393353474674,-2.984495319918641,-2.994274008287103,-3.0039832846842804,-3.0131081380486107,-3.0215630622633034,-3.0295082659071433,-3.0370943817511797,-3.044042677689002,-3.050176392983582,-3.0558265465655934,-3.061186673861071,-3.066518858414498,-3.072045503690682,-3.077492363378979,-3.082508976139459,-3.086399407726912,-3.089628468861407,-3.0920948753332587,-3.094088654414855,-3.095351890181094
28,-2.5432725379573857,-2.544794263538016,-2.547053702865345,-2.5492579086321645,-2.551437258056063,-2.554575536981092,-2.5587657121924137,-2.5637271831592447,-2.5692962167147515,-2.5753343627764154,-2.5816944026942967,-2.5884670176031936,-2.595409182942947,-2.603023425557828,-2.6122587682741187,-2.623536178259198,-2.635832344095773,-2.648424043094255,-2.6607463124328254,-2.673275473027488,-2.686227777669556,-2.6998190792508354,-2.7141755663729517,-2.7285941459238923,-2.7427307456939283,-2.7566447078965157,-2.771191718074056,-2.7861430467214934,-2.800692265934172,-2.814049447744477,-2.826003448237433,-2.837176886762335,-2.8489328411843133,-2.8620012548038436,-2.875969678443309,-2.8895120195335404,-2.902728258250579,-2.916175286441453,-2.929836067912672,-2.9426988743229194,-2.954490200735685,-2.9656455908518176,-2.976526583307391,-2.987087423856744,-2.9975660482075805,-3.0078366439299895,-3.0176000469891315,-3.026719865182205,-3.0351530273695744,-3.043020288698756,-3.050734087534975,-3.058039660787542,-3.064813788184553,-3.0711556265371023,-3.0768865437335524,-3.082254338799686,-3.0875998784677963,-3.092530976723552,-3.0967198069958526,-3.1002321116907163,-3.1038398152752,-3.1070792592197147,-3.1097809380935617,-3.111429344156024
29,-2.570248410459844,-2.570499076718542,-2.5706944416248345,-2.5711972303269883,-2.5726676428452913,-2.5752907639031197,-2.5790385836135576,-2.5835778256196984,-2.58892736510831,-2.5943787355773864,-2.599924655421174,-2.6058152152417575,-2.612462546796371,-2.6205376559549904,-2.6308709236708006,-2.6431137073885806,-2.655489541677851,-2.667473899312276,-2.679028834893706,-2.6910249853040846,-2.7034768228878816,-2.7166837132639756,-2.7303834800640545,-2.7440651753299186,-2.757490521616237,-2.7711810066787663,-2.7856625851576675,-2.8004986361128386,-2.8146858510884325,-2.8275263911697883,-2.8390020876338333,-2.85003201455353,-2.862004986345755,-2.8755360879862324,-2.889824720197501,-2.9034392194854797,-2.9166537327304938,-2.92996976208251,-2.943146581035978,-2.955488280681281,-2.966981979957312,-2.978043962648616,-2.989161736275371,-3.000171205376292,-3.0112863717717264,-3.0220036456951327,-3.0319277142804237,-3.0409978082890596,-3.0492296867342112,-3.057050211469324,-3.0648439085173953,-3.0726145108942076,-3.08027015641588,-3.087495582561476,-3.0937475763718325,-3.0992192950253337,-3.103957476042795,-3.107843641778077,-3.111112957072672,-3.114430964839322,-3.118306965618359,-3.1221193555229583,-3.125335180705868,-3.127228899144238
30,-2.591651147637925,-2.5915497970306496,-2.5911390418064446,-2.5910355573606436,-2.5920343678374738,-2.5943733142182017,-2.59763568769657,-2.6016568869328824,-2.6066196374118613,-2.6119532597663504,-2.6175462250051393,-2.623529148071601,-2.630661681947037,-2.6395357110940005,-2.650398378252554,-2.662165668295479,-2.673729226621228,-2.68499699524347,-2.696270353065495,-2.7080792812299626,-2.720396212093431,-2.7333705592017568,-2.7466435539789953,-2.7598253680142872,-2.7726649153526894,-2.7858967396541368,-2.799789148096046,-2.8139254432147065,-2.827271538979738,-2.8395614663282664,-2.8507767631981014,-2.8622133598395663,-2.875023438601844,-2.8894758018276048,-2.9040235921514985,-2.9174148991801103,-2.930313309062794,-2.943519188795774,-2.9566242503089666,-2.968984323472881,-2.980481619857849,-2.9914664093755725,-3.002414297993444,-3.0134726469279185,-3.0250461214279367,-3.0364109250885596,-3.04689196725543,-3.0561186098045505,-3.064458720813975,-3.072480441469378,-3.0806103842552064,-3.0888404145868753,-3.0970912587741886,-3.104910729536945,-3.1117152448013625,-3.117347928732152,-3.1215363025207097,-3.1246001571572757,-3.1274409568843113,-3.130705802796254,-3.1344008154293244,-3.13795337809609,-3.1409778211385495,-3.142758935297472
31,-2.6081981090820525,-2.608336652193683,-2.608643367799613,-2.6092346699399886,-2.610503066095391,-2.6127239088998757,-2.6155963884518876,-2.619208804948655,-2.6237523591568808,-2.6292202593688834,-2.635374764770698,-2.64220061102858,-2.650279438816248,-2.659577728935429,-2.6696447396027745,-2.679705428648672,-2.690114662180379,-2.700961200571277,-2.7125361490637543,-2.724492518598395,-2.7368204964472818,-2.749556858692756,-2.762464750896416,-2.7749923486685533,-2.7871615634274725,-2.7997181641577655,-2.812881210110424,-2.826273768583315,-2.8388890290173485,-2.8506855513487275,-2.8618382079352216,-2.873820635474362,-2.8874396257309454,-2.9024505230024236,-2.9168916039081445,-2.9299892191435304,-2.942823837598449,-2.956187687455416,-2.969610309929828,-2.9824173648090273,-2.99425072626346,-3.005269788136368,-3.0158030327523786,-3.026804751295555,-3.0389035913997677,-3.0509755696551935,-3.0619782475745216,-3.0715956126772506,-3.0806608176304424,-3.089342106052161,-3.0982818420293565,-3.1071553182370826,-3.115754457170472,-3.123716084397354,-3.1306959670125707,-3.1363394579353994,-3.1404595651884497,-3.143552065984135,-3.1464863418192515,-3.1495558510480306,-3.1524773907585137,-3.154845357270627,-3.1566685876473937,-3.157741128843372
32,-2.6227980742107007,-2.6233232350269224,-2.624500454905963,-2.6260778851296886,-2.628044295094797,-2.630283982334681,-2.63285014912431,-2.6361768185328427,-2.6405333736172194,-2.6462847471980577,-2.653119232265761,-2.6608446153535525,-2.669526430666965,-2.678557006470277,-2.6874120068782124,-2.696034058434902,-2.7055753546173946,-2.71620794772461,-2.728044689318084,-2.7400674461511,-2.752347739680208,-2.7648227202344375,-2.7771830262500052,-2.788891312132656,-2.8003829350320166,-2.812307784438863,-2.8248832863942233,-2.8378114203678386,-2.8502318378866374,-2.862004260278641,-2.87343041668,-2.885693207882643,-2.8994706548979465,-2.9143238741253454,-2.9285331684206066,-2.9416167135866367,-2.9545150633149024,-2.9679700753733758,-2.9819101354736137,-2.9954358521920326,-3.007768050565101,-3.0188581518454463,-3.0293459784682764,-3.040757853961069,-3.0533616152665797,-3.0655636880180444,-3.076577992046392,-3.0867183172083026,-3.096847698322601,-3.10650554975655,-3.116503224207867,-3.1261901168339064,-3.1352035398634683,-3.143071296010943,-3.1497562685270157,-3.155255457352191,-3.159918953626822,-3.16371742918777,-3.1669738327470105,-3.16976574050756,-3.1719472702340656,-3.173205709885658,-3.173660195857992,-3.173776740234609
33,-2.636902401522958,-2.6375813100253143,-2.639245387630565,-2.6414768240714817,-2.6440977320414456,-2.646529359874441,-2.649140069930951,-2.6524851689642657,-2.656875526975161,-2.662649508569742,-2.6698213027361724,-2.6779939081670823,-2.6868449452814693,-2.6955435103472785,-2.7037398440874374,-2.7118298550739706,-2.7210710784383982,-2.7315269044325774,-2.7430134842617955,-2.754681136224,-2.766468925549313,-2.778451984978208,-2.7902435310333353,-2.8015115119205554,-2.812783574025642,-2.824608758144532,-2.8371017281714157,-2.849917668374169,-2.8624943667147167,-2.8745215089893232,-2.886183450926443,-2.8982525801922514,-2.9116006532061354,-2.925955083434776,-2.9401010784868458,-2.953484627971619,-2.9664942320045204,-2.9801107636730273,-2.994514035597577,-3.008447031136992,-3.0210903219509664,-3.0326027106581632,-3.044045388174438,-3.056527644027394,-3.0690842899830466,-3.080493287851767,-3.0910458906256624,-3.1017154975708188,-3.112853729030877,-3.1236492088009147,-3.1347593892496493,-3.145517661465113,-3.1551399711352275,-3.162996654480727,-3.169493630012334,-3.1751465212571715,-3.180461343585984,-3.1848875829802115,-3.1883639342927834,-3.1907432536933555,-3.1923487870625795,-3.1932827990748134,-3.1933298015876748,-3.193079232394881
34,-2.651655415524504,-2.6520650485423873,-2.653449646198529,-2.655696263655761,-2.6585423925131364,-2.661278570025874,-2.6643645568715577,-2.668136913128316,-2.672701821529127,-2.678355796898916,-2.685527055601973,-2.693713015628814,-2.702407224084914,-2.710987092949448,-2.7192774988190513,-2.7275710282457175,-2.736567093533931,-2.7464674106225075,-2.7572361846991518,-2.768394490203653,-2.7794827732241774,-2.790944519555206,-2.8024470864933892,-2.813787808132933,-2.8253467809629846,-2.83749372547029,-2.850232123009504,-2.863312840681159,-2.876299332015376,-2.888630203130157,-2.9003260333624796,-2.9121589970826114,-2.9250979600801803,-2.939102175462308,-2.953176037651754,-2.9667071803160368,-2.9799089111220862,-2.9937166588808934,-3.008169408248339,-3.0221162317488472,-3.0351208711716646,-3.0476284247579217,-3.0606202560495026,-3.0739410509913023,-3.085805952560687,-3.0962179008440494,-3.106398817162299,-3.1176285927535314,-3.1296935281978238,-3.1417074720511193,-3.1535738191088356,-3.164898254885414,-3.174865263349351,-3.183029089951127,-3.189903570850153,-3.1960372817077287,-3.201715939364716,-3.206487202928945,-3.210127891196186,-3.2123281212794677,-3.2137182733865997,-3.214722836884956,-3.2148331566857005,-3.214571253119588
35,-2.666701024314231,-2.666977639049303,-2.6679249464094386,-2.6699225254204415,-2.6727171574884827,-2.6758848231266352,-2.6794426592202,-2.6835045775186566,-2.6881589359141094,-2.693673985884134,-2.700463877596099,-2.708245859090487,-2.7166081122324033,-2.7253547962773235,-2.734038275539753,-2.742619828916765,-2.7513233030832938,-2.7607893333417906,-2.7711523766729975,-2.78204558665509,-2.7927543659354073,-2.803768105347161,-2.814973000379394,-2.8264989386996637,-2.8385404095497337,-2.850990001962472,-2.8638674989385344,-2.8772289143866647,-2.8905924815221855,-2.903300412873897,-2.915288561653182,-2.927276048894691,-2.9401725255973488,-2.9540199946116266,-2.968022362921581,-2.9817913943771326,-2.9953722720897082,-3.00911003612661,-3.0229395427576016,-3.036574014280286,-3.049965676884435,-3.0635264224464276,-3.077338883019906,-3.090477595217199,-3.1019065341888172,-3.112457001744713,-3.1234229413383527,-3.1357297070038808,-3.1486460673799748,-3.1612645558064676,-3.173046159323216,-3.184166588012813,-3.194162979254293,-3.202648671826707,-3.2098778827833554,-3.216333795152872,-3.2222816592641648,-3.227434254615413,-3.231396729150031,-3.234115060296258,-3.2357504975022184,-3.2367929897890626,-3.237043938529303,-3.2370551523205258
36,-2.681581315449012,-2.682149848673444,-2.6832365517609893,-2.6851933608202865,-2.687720669112753,-2.690951961513962,-2.6946303336158532,-2.698835140432033,-2.703626383599053,-2.709069913886905,-2.7152473500748693,-2.7222550512988644,-2.730117380358067,-2.7390610401845867,-2.7479637679951954,-2.756768645052154,-2.7655635642648773,-2.774996236896435,-2.7853520068785564,-2.79624607732456,-2.8069576383192745,-2.8175450543662377,-2.8283560797052485,-2.839912725455682,-2.8519418029462256,-2.8642590431264767,-2.8771085626242083,-2.8906103203780846,-2.904248692788171,-2.9175843760492524,-2.9303610231354007,-2.9429050239585384,-2.9560056298103206,-2.9695533963878264,-2.98325482450858,-2.997121479852765,-3.0109439419146717,-3.024346981699674,-3.037482715217635,-3.0507553920188135,-3.064488078137888,-3.0785613348224583,-3.092304379324964,-3.105074363157952,-3.1169142671492107,-3.128811754759174,-3.1415626263328607,-3.1552190785532455,-3.1687626459094025,-3.1815134706009545,-3.1929706899913777,-3.203618852344631,-3.213389653943805,-3.221850295673331,-3.2292208178597273,-3.2359388049271542,-3.242160966613297,-3.247758211392349,-3.252500158517398,-3.256492538776463,-3.2587459657629294,-3.259966547492785,-3.2606486392284477,-3.261398838702287
37,-2.6966426834316444,-2.697402841042929,-2.698728154314833,-2.700686385590544,-2.7028059610058492,-2.7055800009757816,-2.709170536078889,-2.7137063287573513,-2.7187979099369586,-2.7242289374722617,-2.7299710234665113,-2.736543550385265,-2.7440909228756887,-2.7529189445407414,-2.761823272212387,-2.770853218558337,-2.7798369230461235,-2.7894285940496637,-2.8001013691263257,-2.8111556759042027,-2.821735382193577,-2.831816673380771,-2.8422327037394823,-2.85347917141374,-2.865008249094851,-2.87706862861258,-2.8900641926604114,-2.903867562989804,-2.9179181410010986,-2.931922740987891,-2.945184466998429,-2.9580138966368272,-2.971084830373275,-2.9843786312181155,-2.998034521498223,-3.012094219162221,-3.0261070469984084,-3.039314948641681,-3.052024430616493,-3.065006878172901,-3.078877254508283,-3.0928809791678242,-3.1063067460763127,-3.1190581186729736,-3.131786514172079,-3.1454083258158567,-3.1599760242280572,-3.1744103715537486,-3.1880851459325052,-3.2008308521976883,-3.212593306121877,-3.2233509242179785,-3.2331712226283056,-3.241754227033251,-3.249578631628795,-3.256630614417081,-3.2629661382978163,-3.2689800273838934,-3.274944921624061,-3.2805001491102583,-3.283975465630337,-3.2861190213068854,-3.287492471348611,-3.28864658204328
38,-2.712252914740354,-2.71283276542497,-2.713806873677836,-2.7152528321644143,-2.7169146740033545,-2.719282179868818,-2.722911992569608,-2.727842243264858,-2.7334379034569714,-2.7391880689937937,-2.74498498701264,-2.7513933590503306,-2.7586715446226804,-2.76694629599204,-2.775672092094898,-2.7848540688154078,-2.794065507715047,-2.803897247793787,-2.8147879163184135,-2.825835589414526,-2.836204919014173,-2.8460554300625724,-2.8561511849581493,-2.8667484429016428,-2.877661119348392,-2.889609981575953,-2.9029997586598975,-2.917493881104747,-2.9321692705602667,-2.9464526230468437,-2.9596945789105984,-2.9724842453883964,-2.985241898015592,-2.9984476746821587,-3.0125582033284184,-3.027148770725381,-3.0412615521803605,-3.0542749762844226,-3.0667968308650453,-3.0798529826649386,-3.0938260129403004,-3.107833482369794,-3.121267650203338,-3.1344630324262654,-3.148058606266411,-3.162897856864216,-3.1782978479109083,-3.192787326502228,-3.2065847007930035,-3.2198682548616437,-3.232459639853838,-3.243679432107707,-3.2538965035935394,-3.263091887377616,-3.2718261592386577,-3.2797387137284533,-3.2870059957912385,-3.2942646387271965,-3.3015885648546597,-3.308090303574862,-3.31286985208612,-3.316196591175286,-3.3179842715260586,-3.3187216757315054
39,-2.7277836005539315,-2.728010427388614,-2.728231393279732,-2.7287155375259884,-2.729990412054604,-2.7324198575721015,-2.7363391863732685,-2.741431452965894,-2.747266267333536,-2.7531957535649054,-2.7591843960724463,-2.7656226130757555,-2.772795100950049,-2.780613588040625,-2.7891184452023827,-2.7982415579623368,-2.807582939924705,-2.8175688346518055,-2.8283524028202134,-2.8392582648684153,-2.8495965195203583,-2.859531548687538,-2.86942493350837,-2.8795879537486107,-2.8904076273949815,-2.9026336742653505,-2.9166838729198172,-2.9317599283360996,-2.9464517589785144,-2.9603343638150452,-2.973354473206448,-2.986012795422369,-2.9985663140630203,-3.0120261637410453,-3.0266048186657253,-3.0414229711640637,-3.0555628552917646,-3.068828661709789,-3.082014892103456,-3.095746133428473,-3.1100199368597483,-3.1241202685165623,-3.1375874231175764,-3.1512303990389148,-3.1654222077912806,-3.1806087457617718,-3.195844201346759,-3.2104889163324355,-3.2250367588473408,-3.239272427042658,-3.252515861100796,-3.264313518437035,-3.275208348869529,-3.285417045230157,-3.295571642270583,-3.3052633692244955,-3.3147514210313753,-3.3237691998653096,-3.3318039413050764,-3.3385205033655216,-3.3443326218499365,-3.348864181315765,-3.351321200928087,-3.351949674172764
40,-2.742457499532567,-2.74242701874177,-2.7421015890324467,-2.7419028341170044,-2.7430226712310524,-2.745666757746157,-2.74985080543685,-2.754821849492685,-2.7603763185754095,-2.7660345573288034,-2.772131487059135,-2.7787658734287564,-2.786089698246387,-2.7936973114867514,-2.8018279062483753,-2.8105974793575927,-2.819861300162887,-2.8299269743197697,-2.840668122202478,-2.851543359800456,-2.8618749451824574,-2.871860940919646,-2.8818653620759496,-2.8923626989473976,-2.903823718104556,-2.9166550459297813,-2.93117888951125,-2.9462112697253895,-2.960342136164615,-2.9735464693591345,-2.986161184039313,-2.9985832381847155,-3.0113104565264406,-3.025289133735493,-3.040186756034812,-3.0549189428937824,-3.0690360184591237,-3.082733465491283,-3.0967361329161998,-3.1112481723465457,-3.1260764878462988,-3.1405258577451773,-3.154175643246756,-3.1679625857726794,-3.1822824781918557,-3.1973678157622354,-3.212522491471314,-3.2280704593763483,-3.243803103683315,-3.2590030476231666,-3.272968984996674,-3.285750475192147,-3.297313628357445,-3.3082993082524617,-3.319872166131118,-3.331759396307615,-3.3434790857666004,-3.3537027153089634,-3.3619209493374775,-3.3688142183559497,-3.375459228696722,-3.381272273453911,-3.3851576776640258,-3.386880956808908
41,-2.755636418560107,-2.7555590377166537,-2.755199305771226,-2.755049972768328,-2.7563782973072666,-2.7592903385163674,-2.763501893559881,-2.768104510129411,-2.7729899215377882,-2.778231585599985,-2.784419699059587,-2.791298061035206,-2.798675305374002,-2.8061065842252364,-2.813846890067482,-2.8222172527352853,-2.8313187087001244,-2.8414548447219334,-2.8522221590186567,-2.8630702194058992,-2.873324932582939,-2.883389385010652,-2.893953781252756,-2.9053696371493007,-2.91775326232624,-2.930959700073799,-2.9453233943294173,-2.9598029383362494,-2.97342383359827,-2.986129898996956,-2.9982302749101923,-3.0104256335871744,-3.023871404311853,-3.0387638301365785,-3.053920400379959,-3.0683929497648004,-3.082363607239806,-3.096393632835319,-3.1108772245315146,-3.1258267293321165,-3.1411893849309545,-3.1561386962285214,-3.1703612175269082,-3.184379593800964,-3.1987837830367827,-3.2140164855730164,-3.230145440252584,-3.2471281134825007,-3.263863607766978,-3.279780833228532,-3.2947059325226764,-3.3084866159119306,-3.320569903386401,-3.332240004923544,-3.34476914177227,-3.3580549297444113,-3.3707902228492204,-3.3812471456268014,-3.3893689189670146,-3.3965731865637725,-3.404015222737213,-3.4113776642341893,-3.4170325788807725,-3.4201499186786153
42,-2.7675756304741523,-2.767710867236337,-2.767845306311132,-2.768404837904741,-2.7700880461598434,-2.773015009314551,-2.7767065537314415,-2.780625287587584,-2.7849240758164338,-2.79015594331444,-2.796666442771401,-2.803702494126204,-2.810810692478734,-2.8178185331030163,-2.825027752489146,-2.8329235534440396,-2.8419098423707654,-2.852237117995681,-2.8631537851316446,-2.8740252107427295,-2.884219774069368,-2.894478038508175,-2.9057948721577898,-2.918150129069069,-2.931148791308591,-2.9443344536418574,-2.9581951426879898,-2.9720749145378544,-2.9852988810197054,-2.997579056651122,-3.0094551233659956,-3.0220102627852334,-3.036593543414285,-3.052588916251434,-3.068235720438471,-3.082711394361662,-3.096523623438621,-3.110643746536163,-3.125315805015071,-3.1404224144136874,-3.1560488728184817,-3.1715103185780675,-3.18680457596757,-3.201556858340105,-3.216428180814713,-3.232399142983005,-3.2499057334167443,-3.2680485950492963,-3.2855182684932807,-3.3021820734808838,-3.317941285521539,-3.332321042911815,-3.3449326838375715,-3.3572864425355,-3.3703925483990007,-3.384019264996356,-3.3965089701556224,-3.4066613786939683,-3.4149364867714658,-3.4227355109328066,-3.431043608439161,-3.4395513876117834,-3.4461703606688614,-3.449914058953647
43,-2.779177090076293,-2.7797105081560725,-2.780472456184944,-2.7816395002785,-2.7834253760812593,-2.786103144992526,-2.7892809073538363,-2.7928937126290663,-2.797224070495149,-2.802825406494248,-2.809472355126382,-2.8160484555315235,-2.82237272673884,-2.8287020935394906,-2.8354471681949516,-2.8431145142384544,-2.8523227326608307,-2.862934969436682,-2.873948858617614,-2.8847054451453604,-2.894849474979894,-2.9054077050551066,-2.917391399855572,-2.930282399661578,-2.9432820569163014,-2.956125969830335,-2.969411716112777,-2.982702755448885,-2.9954927809816336,-3.0075099169145583,-3.019730776397447,-3.0333436153056237,-3.049117715570995,-3.066136697707856,-3.0825041727942857,-3.097409383686718,-3.111354369896401,-3.1256329729238326,-3.140481828623108,-3.155660623603471,-3.1713651838882386,-3.1874517079906157,-3.2039919953923786,-3.219799750436863,-3.235575739986368,-3.2524783112341087,-3.270885906682139,-3.289655097673151,-3.3079772616391168,-3.3254616319998114,-3.3418912055347745,-3.356603645196743,-3.3698662258175984,-3.3830345892548266,-3.396905643549786,-3.410762869268334,-3.423246641219751,-3.433576825228542,-3.4428234802117714,-3.4517683579644167,-3.4611968274955194,-3.46976852017095,-3.475528197765245,-3.4783007506719645
44,-2.790495706588304,-2.7912686680657455,-2.792438458636216,-2.793967621726346,-2.7957945581076338,-2.79822646270515,-2.8011488414437378,-2.8049110703333002,-2.809741020604175,-2.8157076189682764,-2.821906787461962,-2.8275730831742814,-2.833075978446225,-2.838875137974512,-2.845433570543835,-2.853139203358851,-2.862619288230962,-2.8733294446911968,-2.8843465993427824,-2.895146956695659,-2.9055440509969332,-2.9164786766347657,-2.928641139100899,-2.941311709376128,-2.953915624285093,-2.9664809934432843,-2.9792880680885534,-2.992006552171898,-3.004444170862283,-3.016635399459351,-3.02977373000952,-3.0444704465924524,-3.060894148544304,-3.0784343710632154,-3.095558061270472,-3.11134129207566,-3.125935875419458,-3.1405523847899213,-3.1556750617447378,-3.1715038588007403,-3.1879161126914264,-3.2047737297569387,-3.2219894761745254,-3.2384492458950476,-3.2548077561543334,-3.2723944219636696,-3.2914141280391105,-3.3108456107358153,-3.330026286180245,-3.3483589561422082,-3.3656575415944214,-3.3812924122213035,-3.3959249984875033,-3.410489474493442,-3.425515769229949,-3.43993471549164,-3.4530583740086342,-3.4644564495694556,-3.475401314476775,-3.485774738999936,-3.495962837430655,-3.5037131371738655,-3.5079704382776553,-3.509361001898225
45,-2.8012590252704404,-2.802089499374405,-2.8033872227016645,-2.8050231398390206,-2.8069517500462062,-2.8094354835121673,-2.812370996624763,-2.8163308201054766,-2.821431104980029,-2.82716020644431,-2.8325729388012566,-2.837555750739395,-2.842697462605626,-2.8483867877968336,-2.8551202305801118,-2.863095355484161,-2.8728794349509177,-2.8836074870578483,-2.894546692643422,-2.9053680493803786,-2.9160708700539453,-2.9272796973009947,-2.939245616089264,-2.9514418290418414,-2.9635516714733425,-2.9757690868949833,-2.988096770575395,-3.0004896790622038,-3.0130049773428667,-3.0256834839502504,-3.039398862424699,-3.0545595508276717,-3.0713827247585446,-3.0893941819396895,-3.107451681420958,-3.124330143609524,-3.1396943289212906,-3.154524371334216,-3.1699249604593254,-3.1866751332886976,-3.204102796933382,-3.2216338071033936,-3.239310473093278,-3.2565036125823905,-3.273695192978634,-3.292036179999373,-3.3116505927072346,-3.331822652998466,-3.3518198079498838,-3.371279786283387,-3.389938569788832,-3.4074971086002313,-3.4243882575367763,-3.440970827960168,-3.457290985031226,-3.4724318673581767,-3.4864025701118084,-3.499401440311803,-3.5118967816473683,-3.522863260036331,-3.5321983222914533,-3.538653780006671,-3.542271453191711,-3.5435037664216846
46,-2.8114693416509526,-2.812086658241724,-2.8131131156182145,-2.8145777585175256,-2.816658133798643,-2.8193960251938366,-2.8225740095323157,-2.826550528714469,-2.831372644741609,-2.8364529215211367,-2.8413458955115285,-2.84628453245269,-2.8516144236503984,-2.857684468535827,-2.864802975406884,-2.873128406079495,-2.88297241761959,-2.8935280931140666,-2.904236527264598,-2.914823011885183,-2.92556548349821,-2.936856828305092,-2.9485662161075212,-2.9603508506986325,-2.9720285204244736,-2.983981229716633,-2.996216102542995,-3.0088224938226675,-3.021691101517389,-3.0347237596073455,-3.048628649708893,-3.063981041073985,-3.0810949589662453,-3.099644133950788,-3.11864966064216,-3.136494350172036,-3.1523774757934895,-3.1672173014755316,-3.1829370619224475,-3.2003465745152404,-3.21847726262574,-3.2367775852652416,-3.2553724156429498,-3.2737196914565576,-3.291973691262747,-3.311328809948386,-3.3320279807084896,-3.353567417439515,-3.375012583196754,-3.3962938623929144,-3.417127445712291,-3.4371171111675007,-3.45602203018342,-3.4743051987815115,-3.4914946603495194,-3.50718966793343,-3.5217978324606607,-3.5360794866622465,-3.549066775666641,-3.5596703156518146,-3.5679367400016258,-3.573926692468274,-3.5774487028700177,-3.578974044004706
47,-2.8204188124823855,-2.8207528695606583,-2.8215234599708396,-2.822962233677329,-2.8252065274016607,-2.8280110305266204,-2.8313613276099248,-2.8353681460640137,-2.8399971718026427,-2.8446940540257093,-2.8493861857477905,-2.8543670864949546,-2.859999777555353,-2.8666555463868235,-2.874306808226218,-2.8829868791388815,-2.8926399958468343,-2.902798140553381,-2.9129955424521587,-2.9231762702454596,-2.93389656687154,-2.945284384284678,-2.9568172192543885,-2.9683065475726775,-2.9798176339434637,-2.991774480700515,-3.0042826348394103,-3.0172040565267784,-3.0301851823982284,-3.043339543695062,-3.057524924071422,-3.0733638984701175,-3.0910138363664306,-3.1101914870944887,-3.129812223808389,-3.1481213314412333,-3.1642771754106054,-3.1794109267428823,-3.195454067953891,-3.2130671514084534,-3.2316230970918287,-3.2509134723068502,-3.270934744915878,-3.2909806835154702,-3.310765050382016,-3.3314500359228507,-3.3533594323713984,-3.3761046235744487,-3.399260279579721,-3.4228374053930226,-3.4460097706953725,-3.4678548210185216,-3.488148999590029,-3.507875355979353,-3.526171834956643,-3.5427059001838908,-3.557726921865691,-3.5723323432645966,-3.585643174495117,-3.596731844488973,-3.6049720718879392,-3.6109174833881896,-3.613909735493686,-3.615155226891913
48,-2.8276050622464024,-2.8280590673688377,-2.8291057087291525,-2.830831166324904,-2.833286021825481,-2.8362083095598125,-2.8396522721275423,-2.8436549700175378,-2.8481393454949986,-2.8527187308946487,-2.857379065591815,-2.862442356504371,-2.8684035266778856,-2.8756279313920095,-2.883688464079337,-2.8925633904417998,-2.901836761361696,-2.911342576089405,-2.920862565647854,-2.930721128982375,-2.9414577077096027,-2.9528472806599853,-2.9642124587057075,-2.9755470787072373,-2.9871103201210016,-2.9993657182427214,-3.0123505576464806,-3.0254386099063666,-3.0384117480196258,-3.0518527523922963,-3.066599309786822,-3.083012913251493,-3.1011671080426293,-3.120854524080614,-3.140763655938259,-3.1590751064902456,-3.1754045179316748,-3.1910092712262745,-3.20743229478306,-3.2254630831618236,-3.244923608982165,-3.265786586836648,-3.287427460347315,-3.3090893181936076,-3.330208679713774,-3.351871257157919,-3.3745585977187655,-3.398004363803108,-3.4227195488729008,-3.4484633743499256,-3.4734772117352675,-3.4967431907820243,-3.518581204529517,-3.539923328613895,-3.5599978088711346,-3.577993757150624,-3.5934429596310897,-3.607706966834372,-3.6213091557789188,-3.633934802807146,-3.6435962880056048,-3.6502793647725724,-3.6534502063067045,-3.654916658699002
49,-2.8343012126702294,-2.8349744392478646,-2.8364174598043754,-2.8384923909202726,-2.8411853916210887,-2.8442899072431644,-2.8477712851890353,-2.851719042582751,-2.8560556945756175,-2.860618816265707,-2.8653672750087305,-2.870673582657085,-2.8770247126386397,-2.884628875626689,-2.8928223064032226,-2.9014719994801066,-2.910121379528854,-2.9189051685054945,-2.92809174262328,-2.9381047473810464,-2.9489582053088856,-2.960191230818067,-2.9712736621414853,-2.9825007587056738,-2.9943177150196627,-3.0071689147897986,-3.0206838500900686,-3.033918911612278,-3.0469271724625537,-3.0605016244920664,-3.0754965923944546,-3.0923709386297986,-3.1111992798730457,-3.1313292502125174,-3.1511369419723136,-3.169095629798681,-3.185717566033472,-3.2023027327216056,-3.2197338216824125,-3.2386649338521822,-3.259276090031964,-3.2818061966667624,-3.3050749782109037,-3.3278532834090093,-3.3496643371714008,-3.3718937607544497,-3.39518682771405,-3.4192141564212983,-3.44460441919371,-3.4711835955455292,-3.4974315063294856,-3.5225905016497627,-3.5465053280633088,-3.569608504219972,-3.591662809931912,-3.6115538954670283,-3.628259935957347,-3.6429140574332344,-3.6570418104531957,-3.6714932904386,-3.6839844270251465,-3.6933372932176303,-3.698805278683216,-3.7017424033160378
50,-2.841428341400267,-2.842158303912848,-2.84373139008525,-2.846013107752442,-2.8489128407185995,-2.852107528077898,-2.8554603681345454,-2.8592050915493847,-2.863336986984147,-2.86778469511836,-2.8726731547703275,-2.8784104240706605,-2.8852418990720996,-2.8930407578992403,-2.9012245327798047,-2.909443725246697,-2.917460020318051,-2.9258328431842995,-2.935150129695448,-2.9455345967860627,-2.956367995293988,-2.9672351695953036,-2.9780355963829668,-2.9894149830933867,-3.00186810968035,-3.0154304510684806,-3.029260981360977,-3.0425374888849133,-3.055517006060602,-3.068985342022228,-3.0840160837868877,-3.1013513559456163,-3.1207842310206564,-3.141100395197749,-3.1606703241986294,-3.178542346582028,-3.1958595357444075,-3.2136819573034403,-3.2321814996128957,-3.2518140180944286,-3.2735118052332837,-3.297755096347993,-3.3224255843266803,-3.3458662680814486,-3.3681994144490393,-3.391164296054895,-3.4152108432508115,-3.439908858771581,-3.4657040633895067,-3.493160678677044,-3.520919555549993,-3.548285084359623,-3.5744922715661644,-3.599622222907401,-3.6236178728529147,-3.645369851331063,-3.6640695722312966,-3.6808188892384788,-3.6972539264343256,-3.7141708691888553,-3.729592240056915,-3.741491131542464,-3.749513997038144,-3.7540149025710683
51,-2.848963511765451,-2.849565955163573,-2.8509941595544923,-2.8532244318553635,-2.8560425893518646,-2.8590647432120937,-2.862192390882946,-2.8656931465159374,-2.869676310458861,-2.8741302456033684,-2.8793046471121304,-2.8854773932505813,-2.8926331975800874,-2.9004381045540346,-2.9084833155586534,-2.9163455198570047,-2.9241716645392613,-2.9326586551627765,-2.942151927330127,-2.952365995600571,-2.9627483247966233,-2.97342042589536,-2.984672121001392,-2.9967687496270057,-3.0098575732298833,-3.0236296456661167,-3.0373055485533067,-3.0504525827477824,-3.0634111274640654,-3.076908273981952,-3.092261840008537,-3.1101824040540267,-3.1299426088974798,-3.1500960624021657,-3.1694217718959434,-3.187739038171544,-3.2063475964908896,-3.2254500365423207,-3.2445736733203665,-3.2645271562074134,-3.2870354013749825,-3.3123358082296246,-3.3376762456931433,-3.361561407057226,-3.384657477261503,-3.408599186617698,-3.4338573044616902,-3.46014679754635,-3.487600686276502,-3.5165499900237567,-3.5458367611386095,-3.5757231611660627,-3.604846503527921,-3.6323773610809607,-3.6579194589553667,-3.681153069872625,-3.702715374770974,-3.7241012302654104,-3.7455451762714675,-3.7660422831536025,-3.783175011521786,-3.7955274482844086,-3.8036231837155565,-3.8081008435126034
52,-2.856384110473414,-2.8567751200815006,-2.8578441341915477,-2.8597142860954237,-2.862226499513254,-2.864996695083522,-2.867963998481174,-2.8713193210228067,-2.8753730869446676,-2.880129115188277,-2.885732933814137,-2.8921447493581445,-2.899296430329664,-2.9068675575423697,-2.9146337051322284,-2.922399293854952,-2.930481426987433,-2.939206346053728,-2.948498552024556,-2.9580903522185147,-2.968054625054466,-2.9790516305518002,-2.991386439477734,-3.004294807287013,-3.0175590131947523,-3.0309524801275156,-3.044262845154014,-3.0572396011747163,-3.0703308119778683,-3.084262618555888,-3.1001608366450144,-3.118426826250449,-3.1380562337950026,-3.1580150492954724,-3.1775712304085264,-3.1969938500153967,-3.2170546943585103,-3.2371513026311005,-3.256878408106348,-3.2773348196483587,-3.300455826901244,-3.325949330020122,-3.3511433592897966,-3.3752278468338863,-3.3990758756058,-3.4238823146435795,-3.450379223433254,-3.4785860555986785,-3.5085280871462086,-3.539628570324023,-3.5715034055560544,-3.605088830958495,-3.6377496857438976,-3.6677683621628496,-3.6952699743744626,-3.7212722451882714,-3.74750419711454,-3.7748708392441035,-3.801565624513506,-3.8249245708402038,-3.84289455552208,-3.85528259866894,-3.8631606878783487,-3.8674584316368703
53,-2.8630740448247995,-2.8633328376721723,-2.8640871303756223,-2.8655915685994375,-2.867829430577971,-2.8704721920549523,-2.873400157583518,-2.8768706051751907,-2.881247607750599,-2.886418460352581,-2.892231756825732,-2.898547777849345,-2.905377168310232,-2.9125796267296433,-2.9201329103379288,-2.9279676844620317,-2.9362950977583,-2.9450490702695933,-2.953944323743442,-2.9630390678929417,-2.9729709547866006,-2.984751394189759,-2.998232278556164,-3.0116042754579873,-3.0244374615518463,-3.037060001405565,-3.050084529863434,-3.0632050463946365,-3.076723064144862,-3.0912743290536735,-3.10759258728127,-3.125842010067392,-3.1451221071914803,-3.1649174359097474,-3.1849898562357026,-3.205880571784797,-3.2276481703816744,-3.249181352502365,-3.269955718067555,-3.290653503761134,-3.313512280417532,-3.3385764507154283,-3.363655403570599,-3.387951949708974,-3.4122387886486862,-3.437692201875305,-3.465429587426387,-3.495311587834932,-3.5277666089874486,-3.56186284806376,-3.5973154328441863,-3.6345724855908053,-3.6706098029236855,-3.7036921968189436,-3.7348282522717735,-3.765337662515324,-3.7967673885600135,-3.828374687361358,-3.8576632433420404,-3.882646443176868,-3.9022729244664776,-3.9161669376133172,-3.926305836055138,-3.9323893584818475
54,-2.868721398562987,-2.8689819058479484,-2.8697144059726414,-2.8711958809709412,-2.8733416586049554,-2.875897298349719,-2.8787958080986025,-2.8824908563423435,-2.887215831929245,-2.89262421218232,-2.8983734571825797,-2.904369267094252,-2.910748047578693,-2.917705891250878,-2.925252554507848,-2.933198612100934,-2.941636541816114,-2.950264978952509,-2.958831128503894,-2.9678832557386468,-2.9781763573658666,-2.9906372767022624,-3.0044779651267044,-3.017664293738229,-3.029931104927882,-3.0421616271979763,-3.055331924577957,-3.069094656018576,-3.083276850303604,-3.098235387746705,-3.1147829550888932,-3.132742079584572,-3.151563708099558,-3.1713410823167116,-3.192267567558596,-3.21489154455495,-3.2385188151717426,-3.2613320650382303,-3.282292151612907,-3.3023514837642987,-3.3244739607373672,-3.3494879189533444,-3.3752136790066425,-3.3999254779573924,-3.4244333669526013,-3.450712822937076,-3.4799670416237563,-3.5117515666492896,-3.5467121308704446,-3.5839791681409903,-3.623205343052545,-3.6637757199737155,-3.70313265066068,-3.739870105275971,-3.775140860380885,-3.809750257862915,-3.84461511185975,-3.878022694812871,-3.9087008424412986,-3.935992838202714,-3.9595051899283638,-3.977347954534972,-3.991291909033343,-4.00003739741075
55,-2.8734408158471476,-2.8738836371247567,-2.874919693274461,-2.876624358705725,-2.878753687586507,-2.881224937293298,-2.884191009487859,-2.8881621509558184,-2.893068493025377,-2.898358310075286,-2.9037754599723296,-2.9094335004716685,-2.9156155189196613,-2.9226152789556843,-2.930248964078816,-2.9381748333289766,-2.9464306142621566,-2.9547815658558636,-2.963209123747961,-2.972528148241135,-2.9833536418072515,-2.996181900057038,-3.0098062116792805,-3.022564440741565,-3.0344335536601887,-3.0467254727364814,-3.0604632251505928,-3.0751898569310487,-3.0900218277128433,-3.1050529203893493,-3.12149516440006,-3.1390704096536215,-3.1575157677918044,-3.1775472746746285,-3.1996910432743944,-3.223873532645972,-3.2484757399280486,-3.2713607776977405,-3.291658651598425,-3.3112074961452675,-3.333193409480825,-3.3588280709907616,-3.385646676767106,-3.411112335604008,-3.436094173407474,-3.4634854441489926,-3.4948216505240275,-3.5293162397746576,-3.5670137606559953,-3.607241713664549,-3.6497653754011514,-3.6931419982771283,-3.735439994686365,-3.7755005076522687,-3.8137149087820887,-3.8505689512333614,-3.8869196303579674,-3.9218962643878115,-3.955314306461246,-3.987589597074418,-4.0175058144863485,-4.041913114297371,-4.061100536523998,-4.0728441390460866
56,-2.8776298259638318,-2.878296775359243,-2.8796627887159825,-2.8815442811759535,-2.883704330710938,-2.8862821770570783,-2.8895251249992358,-2.893646346986396,-2.8984300659147655,-2.9034132915580493,-2.908559460923845,-2.9140939131746006,-2.9202991746169142,-2.9273965992674094,-2.934976818584058,-2.9426303121370143,-2.950466309751498,-2.958578937083152,-2.967147180809791,-2.9769687554872664,-2.988408701460264,-3.0012469017707453,-3.0142554155037233,-3.026531252652288,-3.0384506307836903,-3.0513608686097147,-3.0658625995926956,-3.081255510282798,-3.096455376709451,-3.1115690375497493,-3.1276948677628598,-3.144857148920001,-3.163367136416052,-3.184091385517686,-3.207460347951945,-3.2321816777863743,-3.2561438497841166,-3.277954136339007,-3.2977174842903594,-3.3177492070984496,-3.340502847473335,-3.366996613113269,-3.394653513605876,-3.4214439429850367,-3.4481845803182916,-3.477837240067525,-3.5118400452747407,-3.5490354170141787,-3.5889996486800975,-3.6311860941106637,-3.675815954637163,-3.7211451474963635,-3.765481778226051,-3.8081109929374373,-3.8484649902661436,-3.8870383352136066,-3.9248732197946516,-3.9628499025782116,-4.00220042769367,-4.043253046875294,-4.081536694832125,-4.114599861110063,-4.140198488233514,-4.155238114004633
57,-2.881589448300268,-2.8823532864909724,-2.8837861937386484,-2.885684556344194,-2.888009595148612,-2.8909154809071844,-2.8944373376558548,-2.8985056969837832,-2.9030493235665285,-2.9077987654137485,-2.91288378548233,-2.9184778535505647,-2.924784869675906,-2.9317998089239508,-2.9391319697753326,-2.9465043655252616,-2.954002520501696,-2.961973978364087,-2.9707558396597427,-2.980913358264882,-2.9925651813196144,-3.0052112218020923,-3.0179532815035586,-3.0303075303048272,-3.042820732147457,-3.056351517321806,-3.0711904439538653,-3.0868678401197602,-3.102482158551549,-3.1179271976255274,-3.1336986600822296,-3.1503825123355034,-3.1690544144571353,-3.1905621259954042,-3.214472570883517,-3.2383806200761054,-3.260788874107126,-3.281793580646685,-3.3020765863794592,-3.3231987481911256,-3.3468263104314007,-3.3740894285357923,-3.402983369546357,-3.4321245739575668,-3.461811079045429,-3.4942533804874074,-3.5302703535226225,-3.568853986921998,-3.6099520286480153,-3.6535210253195904,-3.6991715549784816,-3.7452123317176023,-3.790838817592629,-3.8353543496380356,-3.877837542525774,-3.919065231923832,-3.9607043287564077,-4.005388990060525,-4.054616435846017,-4.107213714655115,-4.157589506773993,-4.202695954609087,-4.236417760833742,-4.25464202750484
58,-2.8852087818013064,-2.885930729893754,-2.8872545610371327,-2.8890824375689736,-2.8915107869061782,-2.8946251074604956,-2.8982520879516267,-2.902264151006493,-2.906700047849911,-2.911441246810461,-2.916663994174706,-2.9224079414956528,-2.928718584371369,-2.9355509858119797,-2.942748389584331,-2.950019217972647,-2.957306823062229,-2.965156062680006,-2.973967853895865,-2.984154523869659,-2.99572160293104,-3.008203553627122,-3.021106121101549,-3.03410543602201,-3.0475341375985074,-3.0615040160047604,-3.076206923722494,-3.091829722394409,-3.1077538391926627,-3.123507040123397,-3.139160175727219,-3.155649371259786,-3.1745118954564866,-3.1963834621849694,-3.2198737291997013,-3.24242399508025,-3.263443821095577,-3.284228186592725,-3.305756994691083,-3.328280157260906,-3.352806994704677,-3.3807134830495427,-3.4112684090880228,-3.4434425639412503,-3.4761665706784672,-3.510812617427648,-3.548169386880301,-3.5874107237503248,-3.628751379203054,-3.6724852336837337,-3.7178438955278796,-3.764463423504317,-3.8122753057769234,-3.859367592946419,-3.9046213906377885,-3.949204419637624,-3.9963095820137156,-4.051002702132924,-4.114066043998704,-4.18304306756653,-4.2521601553426125,-4.314019258450422,-4.358663709114683,-4.380911806808324
59,-2.8882483160129886,-2.8888727940087318,-2.8900474803656797,-2.8917705612673563,-2.8941723511847237,-2.897321236796289,-2.9010158665696797,-2.905077045577153,-2.9095399502824546,-2.914405369963163,-2.9198009902174498,-2.925639682731804,-2.9318580606061495,-2.9385619879242975,-2.9456841698714373,-2.952826542779274,-2.9600170752423924,-2.9678160093951966,-2.976525606888959,-2.986538511882887,-2.997900453841243,-3.0104441405633233,-3.024022834089444,-3.038077888524553,-3.052289560550867,-3.0662655616623757,-3.080527689292752,-3.0958381598705182,-3.111766477333381,-3.1278248624413525,-3.143824475604875,-3.1605146804804134,-3.1793912570786054,-3.2008472507167776,-3.2231649252642818,-3.244527316639485,-3.2650280551649935,-3.286403764784211,-3.3093363279880528,-3.3330209438025147,-3.3581836004017145,-3.386694278255079,-3.4192251448614055,-3.4540066757006676,-3.488725187490469,-3.5244410762797074,-3.5625195938271457,-3.602528607248071,-3.64422739280032,-3.6877843760980955,-3.7334100586344947,-3.7818735422391248,-3.8324615425505426,-3.882203022066948,-3.9303963843282874,-3.9786565047995337,-4.032159217731634,-4.098401863151858,-4.17832385692646,-4.270174332930188,-4.365755576459178,-4.452251414986065,-4.515426231611379,-4.548074297170379
60,-2.8905298034521683,-2.8910924667153552,-2.8921751363738273,-2.8938195141140604,-2.89615764311941,-2.8992460181675646,-2.9029850110281212,-2.907216385814776,-2.911845102551651,-2.9169117162577445,-2.922400584147318,-2.9281856341186305,-2.934248721276511,-2.940774942984267,-2.9476747407146195,-2.9546410671265386,-2.9618459006697084,-2.969716060936924,-2.9784990719710414,-2.9885877977698363,-3.000035816015667,-3.0128102989867234,-3.026926952638733,-3.0416103157615586,-3.055943516401036,-3.069600911911145,-3.083472166989017,-3.098392497724978,-3.114269105676126,-3.1306653618791254,-3.147351581457735,-3.164592151955018,-3.1834856027924268,-3.204221161805777,-3.22512762201142,-3.245372715931558,-3.26577514172628,-3.2882658536015485,-3.312530666347895,-3.3369660105084273,-3.3624241521725855,-3.391363289633805,-3.4251684633238755,-3.4612614982554257,-3.4970125267386267,-3.533840348380223,-3.57309122250856,-3.614519570779187,-3.6574279927862277,-3.7018753421401076,-3.748711570770464,-3.798783426968753,-3.8509312334736157,-3.902784302459822,-3.9539563377169573,-4.005989784429432,-4.065141706767228,-4.140850296022392,-4.238109285426993,-4.358777979173843,-4.488521666488349,-4.609261436218076,-4.705600069329287,-4.763409996640395
61,-2.892089011626075,-2.8926023249212967,-2.893636084326898,-2.8952711442142376,-2.8976438602177845,-2.9007340522730596,-2.904535238639515,-2.908921652641696,-2.9136966180191672,-2.918904140249902,-2.92444669695494,-2.930186885883268,-2.936064313302914,-2.942179100150338,-2.948543365999396,-2.9552774336344414,-2.962637209207283,-2.970864677280655,-2.980158814095816,-2.9906739985663098,-3.0023960431380665,-3.0152489877344006,-3.0293607786659926,-3.0439790666126765,-3.058027992555038,-3.071437930210827,-3.0849748025990786,-3.0994927653293995,-3.1154397856411524,-3.132318628682258,-3.1497380399916484,-3.1677686927972033,-3.1870230873083223,-3.207208833954569,-3.2269089035888623,-3.2462153659044324,-3.2664456296895903,-3.2897074200465415,-3.314930836668392,-3.3397606300154203,-3.3653063192832713,-3.3946713317412707,-3.428882240492327,-3.465173425483771,-3.5018700940120517,-3.540397164746241,-3.581170610316086,-3.62392618250529,-3.66824990950046,-3.7147316098651,-3.7635201317676286,-3.8142229659173292,-3.8661355628481546,-3.9185638157910034,-3.9712435709666227,-4.026393683295383,-4.091303027246397,-4.176113720063437,-4.291918775560141,-4.442563153701623,-4.608372830273171,-4.769845810436489,-4.919665435691429,-5.034256281019554
62,-2.8930408158965975,-2.8935243400413944,-2.894563149079983,-2.8962638068474,-2.8987346042118722,-2.9018708427964985,-2.905702113832613,-2.9101287923096706,-2.914992507960243,-2.9202889279786803,-2.9258698414853876,-2.9315522441945414,-2.9372029141088354,-2.9429085641653123,-2.948792240655663,-2.9553033219285445,-2.9628255469568656,-2.9715216930086634,-2.981456763144748,-2.9925317589110003,-3.0045323251748224,-3.0172314170649948,-3.0310043085506715,-3.045147300184407,-3.058773449105141,-3.071954128027981,-3.0851865925802517,-3.099423872219834,-3.1157337190353163,-3.1334069891918475,-3.1514526334210995,-3.1702471079447445,-3.1902468212412627,-3.210313817675102,-3.229157805074472,-3.247747053439565,-3.267493792091944,-3.290615757878733,-3.3163055848592675,-3.3415399203791907,-3.367242045191219,-3.3968807769707725,-3.4306028650696723,-3.4662989351651667,-3.5038769923275943,-3.5442987276577114,-3.58697785727514,-3.6311178801815664,-3.6763716616966633,-3.724330667016895,-3.774562607602368,-3.8255983441707864,-3.8772240869056045,-3.929495520037003,-3.9824246608910157,-4.0394189741859785,-4.108910300095887,-4.202744676308585,-4.337495997334057,-4.513391376761667,-4.712265207906174,-4.925569564343215,-5.172303826011696,-5.441845043102889
63,-2.893509537406867,-2.8939798347718813,-2.8950345669330013,-2.8968011360277304,-2.899363431006802,-2.9025650652597044,-2.9064284215444762,-2.9108362155242418,-2.9157143805988817,-2.9210399286755515,-2.9266324941036834,-2.9322523834566523,-2.9377247562874347,-2.9431897141139305,-2.9488392811647803,-2.955251933315558,-2.962859613002402,-2.971788780388545,-2.982133565403341,-2.9937304790542685,-3.0058566538293903,-3.018244082596593,-3.0317419073995993,-3.0455900484950122,-3.0589587962686666,-3.071946557341356,-3.084972632544682,-3.099073613956125,-3.115636461608596,-3.133944981732901,-3.1525527676110716,-3.1719732451468774,-3.192644086260275,-3.2126426971868813,-3.2308412833661224,-3.2490806079740375,-3.268521441816647,-3.2913655648197135,-3.3172361084473936,-3.34257737486334,-3.368227875790488,-3.3978523500538156,-3.4309575025692878,-3.465870333603009,-3.503893689496091,-3.545995503632197,-3.5902924876104167,-3.635055707864499,-3.6802821576885556,-3.7286433804621906,-3.7798250827921267,-3.831391986783486,-3.8829804082841948,-3.9351024542998863,-3.9878824489959035,-4.0453318552731545,-4.117379145661765,-4.218662938949545,-4.367538751809331,-4.558384021609847,-4.780774683391037,-5.054512002818477,-5.465598013341513,-6.163903221148861
